{
    "avg_loss": 0.22975607017676036,
    "accuracy": 0.6333333333333333,
    "precision": 0.4927350427350427,
    "recall": 0.6333333333333333,
    "f1": 0.5298801973220578
}